RO Number,Converted Date,Labor Sales,Labor Cost,Parts Sales,Parts Cost,Material Sales,Material Cost,Sublet Sales,Sublet Cost,Misc. Total Sales,Misc. Total Cost,Current Sales,Current Cost,Profit %
30327,12/28/2020,$270.00 ,$84.00 ,0,0,$0.00 ,$0.00 ,$70.00 ,$70.00 ,$250.00 ,$0.00 ,$590.00 ,$154.00 ,73.90%
30807,3/8/2021,$130.80 ,$0.00 ,750,525,$0.00 ,$0.00 ,$0.00 ,$0.00 ,$0.00 ,$0.00 ,$880.80 ,$525.00 ,40.40%
30854,3/15/2021,"$1,150.00 ",$0.00 ,1049.93,608.96,$183.50 ,$106.07 ,$0.00 ,$0.00 ,$3.81 ,$3.81 ,"$2,387.24 ",$718.84 ,69.90%
30891,3/22/2021,$0.00 ,$0.00 ,88.15,0,$0.00 ,$0.00 ,$0.00 ,$0.00 ,$0.00 ,$0.00 ,$88.15 ,$0.00 ,100.00%
30956,4/1/2021,$0.00 ,$0.00 ,0,1915.85,$0.00 ,$0.00 ,$0.00 ,$0.00 ,$0.00 ,$0.00 ,$0.00 ,"$1,915.85 ",0.00%
31086,4/19/2021,"$5,950.00 ",$0.00 ,5192,3514.9,$799.77 ,$599.83 ,$0.00 ,$0.00 ,$3.99 ,$3.99 ,"$11,945.76 ","$4,118.72 ",65.50%
31107,4/22/2021,"$7,268.50 ","$1,803.20 ",11980.75,8329,$425.63 ,$121.66 ,$0.00 ,$0.00 ,$5.00 ,$5.00 ,"$19,679.88 ","$10,258.86 ",47.90%
31155,4/28/2021,$720.60 ,$84.00 ,684.03,402.53,$0.46 ,$0.46 ,$0.00 ,$0.00 ,$0.00 ,$0.00 ,"$1,405.09 ",$486.99 ,65.30%
31163,4/29/2021,"$8,596.50 ","$1,324.40 ",3669.4,2425.89,$816.44 ,$433.03 ,$335.00 ,$335.00 ,$4.43 ,$4.43 ,"$13,421.77 ","$4,522.75 ",66.30%
31178,4/30/2021,$558.00 ,$173.60 ,316.86,202.79,$0.00 ,$0.00 ,$0.00 ,$0.00 ,$2.14 ,$2.14 ,$877.00 ,$378.53 ,56.80%
31179,4/30/2021,$0.00 ,$0.00 ,0,0,$0.00 ,$0.00 ,$0.00 ,$0.00 ,$0.00 ,$0.00 ,$0.00 ,$0.00 ,0.00%
31204,5/4/2021,"$5,690.00 ",$0.00 ,3406.5,2248.5,$904.40 ,$253.13 ,$0.00 ,$0.00 ,$5.00 ,$5.00 ,"$10,005.90 ","$2,506.63 ",75.00%
31213,5/5/2021,"$2,158.20 ",$610.40 ,350.66,205.8,$338.97 ,$55.21 ,$0.00 ,$0.00 ,$0.00 ,$0.00 ,"$2,847.83 ",$871.41 ,69.40%
31216,5/6/2021,"$4,616.10 ","$1,187.20 ",490,349,$581.80 ,$9.73 ,$0.00 ,$0.00 ,$20.00 ,$20.00 ,"$5,707.90 ","$1,565.93 ",72.60%
31222,5/6/2021,"$5,464.50 ","$1,604.40 ",3771.9,2475.88,$809.00 ,$326.50 ,$0.00 ,$485.00 ,$3.96 ,$3.96 ,"$10,049.36 ","$4,895.74 ",51.30%
31229,5/6/2021,"$1,405.86 ",$0.00 ,3120.59,285.67,$135.00 ,$28.29 ,$0.00 ,$0.00 ,$0.00 ,$0.00 ,"$4,661.45 ",$313.96 ,93.30%
31230,5/7/2021,"$1,757.70 ",$394.80 ,2375.2,1662.64,$206.00 ,$69.53 ,$0.00 ,$0.00 ,$3.52 ,$3.52 ,"$4,342.42 ","$2,130.49 ",50.90%
31249,5/10/2021,"$14,249.01 ",$0.00 ,9937,262.5,"$1,301.90 ",$976.43 ,$0.00 ,$330.00 ,$5.85 ,$5.85 ,"$25,493.75 ","$1,574.78 ",93.80%
31267,5/13/2021,"$5,240.70 ",$154.00 ,6461.74,4030.9,$273.00 ,$180.70 ,$0.00 ,$175.00 ,$5.00 ,$5.00 ,"$11,980.44 ","$4,545.60 ",62.10%
31272,5/13/2021,"$5,984.10 ","$1,537.20 ",2039.08,1316.42,$632.80 ,$161.65 ,$195.00 ,$0.00 ,$7.37 ,$7.37 ,"$8,858.35 ","$3,022.64 ",65.90%
31275,5/14/2021,"$7,288.50 ",$0.00 ,7706.6,4504.99,$908.07 ,$681.05 ,$0.00 ,$0.00 ,$4.08 ,$4.08 ,"$15,907.25 ","$5,190.12 ",67.40%
31286,5/17/2021,"$3,626.00 ",$0.00 ,1047,615.7,$413.20 ,$269.25 ,$0.00 ,$0.00 ,$2.94 ,$2.94 ,"$5,089.14 ",$887.89 ,82.60%
31287,5/17/2021,$0.00 ,$0.00 ,0,0,$0.00 ,$0.00 ,$0.00 ,$0.00 ,$0.00 ,$0.00 ,$0.00 ,$0.00 ,0.00%
31288,5/17/2021,"$1,320.67 ",$0.00 ,0,0,$240.90 ,$180.68 ,$0.00 ,$0.00 ,$3.00 ,$3.00 ,"$1,564.57 ",$183.68 ,88.30%
31291,5/18/2021,"$2,370.89 ",$0.00 ,1030,710.5,$297.99 ,$223.49 ,$0.00 ,$0.00 ,$3.00 ,$3.00 ,"$3,701.88 ",$936.99 ,74.70%
31307,5/20/2021,"$2,088.90 ",$0.00 ,3582.2,1771,$270.83 ,$203.12 ,$0.00 ,$0.00 ,$3.27 ,$3.27 ,"$5,945.20 ","$1,977.39 ",66.70%
31310,5/20/2021,"$2,175.30 ",$0.00 ,68.44,44.87,$455.00 ,$64.14 ,$0.00 ,$0.00 ,$5.00 ,$5.00 ,"$2,703.74 ",$114.01 ,95.80%
31311,5/20/2021,"$6,398.60 ",$0.00 ,6952.19,4466.41,$811.10 ,$608.33 ,$0.00 ,$0.00 ,$5.00 ,$5.00 ,"$14,166.89 ","$5,079.74 ",64.10%
31312,5/20/2021,"$4,053.20 ",$963.20 ,3474.37,2309.13,$735.00 ,$390.16 ,$0.00 ,$0.00 ,$5.00 ,$5.00 ,"$8,267.57 ","$3,667.49 ",55.60%
31318,5/20/2021,"$2,088.04 ",$0.00 ,0,0,$0.00 ,$0.00 ,$0.00 ,$0.00 ,$0.00 ,$0.00 ,"$2,088.04 ",$0.00 ,100.00%
31319,5/21/2021,"$2,623.30 ",$420.00 ,1511.21,979.09,$323.00 ,$135.72 ,$0.00 ,$0.00 ,$1.96 ,$1.96 ,"$4,459.47 ","$1,536.77 ",65.50%
31326,5/24/2021,"$2,343.50 ",$574.00 ,1549.72,1317.25,$263.00 ,$94.00 ,$0.00 ,$0.00 ,$5.49 ,$5.49 ,"$4,161.71 ","$1,990.74 ",52.20%
31330,5/24/2021,"$1,031.30 ",$0.00 ,1165.73,682.24,$0.00 ,$0.00 ,$0.00 ,$285.00 ,$0.00 ,$0.00 ,"$2,197.03 ",$967.24 ,56.00%
31331,5/24/2021,"$2,662.00 ",$714.00 ,1509.39,978.28,$387.60 ,$74.12 ,$0.00 ,$0.00 ,$3.00 ,$3.00 ,"$4,561.99 ","$1,769.40 ",61.20%
31335,5/24/2021,"$8,740.00 ",$0.00 ,5135,2154.6,"$1,330.00 ",$997.50 ,$250.00 ,$250.00 ,$5.00 ,$5.00 ,"$15,460.00 ","$3,407.10 ",78.00%
31336,5/24/2021,$350.00 ,$0.00 ,878.66,9.94,$50.00 ,$37.50 ,$0.00 ,$0.00 ,$0.00 ,$0.00 ,"$1,278.66 ",$47.44 ,96.30%
31340,5/24/2021,"$3,788.99 ","$1,036.00 ",771.03,165.65,$468.10 ,$11.37 ,$0.00 ,$0.00 ,$4.01 ,$4.01 ,"$5,032.13 ","$1,217.03 ",75.80%
31341,5/25/2021,$316.80 ,$0.00 ,610.7,427.49,$0.00 ,$0.00 ,$0.00 ,$0.00 ,$0.00 ,$0.00 ,$927.50 ,$427.49 ,53.90%
31343,5/25/2021,$280.00 ,$166.25 ,953.39,572.66,$50.00 ,$37.50 ,$0.00 ,$0.00 ,$0.00 ,$0.00 ,"$1,283.39 ",$776.41 ,39.50%
31344,5/25/2021,"$4,487.10 ",$0.00 ,2658.4,1704.34,$661.00 ,$278.45 ,$0.00 ,$0.00 ,$9.14 ,$9.14 ,"$7,815.64 ","$1,991.93 ",74.50%
31345,5/25/2021,"$1,325.00 ",$168.00 ,828.62,655.49,$200.00 ,$196.51 ,$480.00 ,$360.00 ,$0.00 ,$0.00 ,"$2,833.62 ","$1,380.00 ",51.30%
31346,5/25/2021,"$6,583.50 ",$0.00 ,17401.25,12501.39,$904.79 ,$678.59 ,$69.95 ,$0.00 ,$0.00 ,$0.00 ,"$24,959.49 ","$13,179.98 ",47.20%
31347,5/26/2021,"$2,543.11 ",$0.00 ,1397.59,960.14,$385.40 ,$212.79 ,$0.00 ,$0.00 ,$3.00 ,$3.00 ,"$4,329.10 ","$1,175.93 ",72.80%
31349,5/26/2021,$727.50 ,$0.00 ,803.54,562.48,$0.00 ,$0.00 ,$0.00 ,$0.00 ,$0.50 ,$0.50 ,"$1,531.54 ",$562.98 ,63.20%
31353,5/26/2021,"$2,321.00 ",$0.00 ,1361.98,292.76,$353.00 ,$264.75 ,$0.00 ,$0.00 ,$5.00 ,$5.00 ,"$4,040.98 ",$562.51 ,86.10%
31354,5/26/2021,$741.00 ,$0.00 ,415,290.5,$175.50 ,$131.63 ,$0.00 ,$0.00 ,$3.00 ,$3.00 ,"$1,334.50 ",$425.13 ,68.10%
31357,5/26/2021,$0.00 ,$0.00 ,0,0,$0.00 ,$0.00 ,$0.00 ,$0.00 ,$0.00 ,$0.00 ,$0.00 ,$0.00 ,0.00%
31358,5/26/2021,$700.00 ,$392.00 ,887.03,723.31,$100.00 ,$213.70 ,$0.00 ,$0.00 ,$0.00 ,$0.00 ,"$1,687.03 ","$1,329.01 ",21.20%
31359,5/27/2021,"$1,636.60 ",$467.60 ,124.96,75.75,$316.59 ,$88.38 ,$0.00 ,$0.00 ,$3.50 ,$3.50 ,"$2,081.65 ",$635.23 ,69.50%
31360,5/27/2021,"$4,480.00 ",$0.00 ,1907.78,556.38,$598.00 ,$465.50 ,$0.00 ,$0.00 ,$5.00 ,$5.00 ,"$6,990.78 ","$1,026.88 ",85.30%
31362,5/27/2021,"$1,140.00 ",$638.40 ,6231.34,4697.1,$293.00 ,$37.34 ,$0.00 ,$0.00 ,$20.00 ,$20.00 ,"$7,684.34 ","$5,392.84 ",29.80%
31364,5/27/2021,$625.00 ,$307.50 ,0,0,$100.00 ,$56.83 ,$0.00 ,$0.00 ,$0.00 ,$0.00 ,$725.00 ,$364.33 ,49.80%
31368,5/27/2021,"$2,687.50 ",$0.00 ,2045.68,1543.14,$0.00 ,$121.46 ,$0.00 ,$0.00 ,$0.00 ,$0.00 ,"$4,733.18 ","$1,664.60 ",64.80%
31372,5/28/2021,$763.00 ,$112.00 ,0,0,$100.00 ,$75.00 ,$0.00 ,$0.00 ,$0.00 ,$0.00 ,$863.00 ,$187.00 ,78.30%
31374,5/28/2021,$350.00 ,$98.00 ,947,947,$100.00 ,$31.61 ,$0.00 ,$0.00 ,$0.00 ,$0.00 ,"$1,397.00 ","$1,076.61 ",22.90%
31376,5/28/2021,"$1,750.00 ",$280.00 ,0,0,$300.00 ,$139.62 ,$0.00 ,$0.00 ,$0.00 ,$0.00 ,"$2,050.00 ",$419.62 ,79.50%
31380,5/28/2021,$0.00 ,$0.00 ,820.05,656.04,$0.00 ,$0.00 ,$0.00 ,$0.00 ,$0.00 ,$0.00 ,$820.05 ,$656.04 ,20.00%
31382,6/1/2021,$455.70 ,$0.00 ,733.21,480.51,$0.00 ,$0.00 ,$0.00 ,$0.00 ,$0.00 ,$0.00 ,"$1,188.91 ",$480.51 ,59.60%
31383,6/1/2021,"$1,178.70 ",$112.00 ,470.95,275.29,$288.10 ,$75.43 ,$0.00 ,$0.00 ,$3.00 ,$3.00 ,"$1,940.75 ",$465.72 ,76.00%
31384,6/1/2021,"$1,017.90 ",$193.20 ,1000.67,621.11,$0.00 ,$0.00 ,$0.00 ,$0.00 ,$0.00 ,$0.00 ,"$2,018.57 ",$814.31 ,59.70%
31389,6/1/2021,$0.00 ,$0.00 ,346.45,277.16,$0.00 ,$0.00 ,$0.00 ,$0.00 ,$0.00 ,$0.00 ,$346.45 ,$277.16 ,20.00%
31390,6/1/2021,$200.00 ,$112.00 ,50,0,$0.00 ,$35.22 ,$0.00 ,$0.00 ,$0.00 ,$0.00 ,$250.00 ,$147.22 ,41.10%
31391,6/1/2021,"$3,518.54 ",$0.00 ,1742.72,1064.94,$186.52 ,$139.89 ,$0.00 ,$0.00 ,$10.00 ,$10.00 ,"$5,457.78 ","$1,214.83 ",77.70%
31392,6/1/2021,$600.00 ,$336.00 ,0,0,$100.00 ,$82.05 ,$0.00 ,$0.00 ,$0.00 ,$0.00 ,$700.00 ,$418.05 ,40.30%
31393,6/1/2021,$74.44 ,$0.00 ,0,0,$23.40 ,$23.40 ,$0.00 ,$0.00 ,$0.00 ,$0.00 ,$97.84 ,$23.40 ,76.10%
31394,6/1/2021,"$1,200.00 ",$0.00 ,415,332,$200.00 ,$75.48 ,$0.00 ,$0.00 ,$0.00 ,$0.00 ,"$1,815.00 ",$407.48 ,77.60%
31395,6/1/2021,$0.00 ,$0.00 ,426,418.63,$0.00 ,$0.00 ,$0.00 ,$0.00 ,$0.00 ,$0.00 ,$426.00 ,$418.63 ,1.70%
31396,6/1/2021,"$7,868.00 ",$0.00 ,4889.32,2592.17,$977.60 ,$733.20 ,$0.00 ,$0.00 ,$3.00 ,$3.00 ,"$13,737.92 ","$3,328.37 ",75.80%
31397,6/1/2021,"$1,426.00 ",$302.40 ,1607.39,917.02,$0.00 ,$0.00 ,$0.00 ,$0.00 ,$4.82 ,$4.82 ,"$3,038.21 ","$1,224.24 ",59.70%
31398,6/2/2021,$352.00 ,$0.00 ,536.69,231.99,$0.00 ,$0.00 ,$0.00 ,$235.00 ,$8.27 ,$8.27 ,$896.96 ,$475.26 ,47.00%
31399,6/2/2021,"$3,639.18 ",$0.00 ,4210.98,2694.33,$658.66 ,$309.60 ,$0.00 ,$0.00 ,$10.00 ,$10.00 ,"$8,518.82 ","$3,013.93 ",64.60%
31400,6/2/2021,"$3,156.54 ",$0.00 ,2333,1577.1,$683.02 ,$512.27 ,$0.00 ,$0.00 ,$10.00 ,$10.00 ,"$6,182.56 ","$2,099.37 ",66.00%
31401,6/2/2021,"$1,020.00 ",$0.00 ,1298.95,54.85,$0.00 ,$0.00 ,$0.00 ,$0.00 ,$0.00 ,$0.00 ,"$2,318.95 ",$54.85 ,97.60%
31402,6/2/2021,$500.00 ,$0.00 ,0,0,$0.00 ,$0.00 ,$0.00 ,$0.00 ,$0.00 ,$0.00 ,$500.00 ,$0.00 ,100.00%
31404,6/2/2021,$65.00 ,$0.00 ,0,0,$0.00 ,$0.00 ,$0.00 ,$0.00 ,$0.00 ,$0.00 ,$65.00 ,$0.00 ,100.00%
31405,6/2/2021,"$2,649.61 ",$739.20 ,7044.02,4596.79,$385.00 ,$223.13 ,$0.00 ,$0.00 ,$3.50 ,$3.50 ,"$10,082.13 ","$5,562.62 ",44.80%
31406,6/2/2021,"$3,132.00 ",$324.80 ,92.07,59.16,$396.73 ,$204.66 ,$0.00 ,$0.00 ,$3.60 ,$3.60 ,"$3,624.40 ",$592.22 ,83.70%
31407,6/2/2021,$350.00 ,$98.00 ,879.97,879.97,$100.00 ,$27.14 ,$0.00 ,$0.00 ,$0.00 ,$0.00 ,"$1,329.97 ","$1,005.11 ",24.40%
31408,6/2/2021,$700.00 ,$0.00 ,237.99,160.9,$100.00 ,$171.16 ,$0.00 ,$0.00 ,$0.00 ,$0.00 ,"$1,037.99 ",$332.06 ,68.00%
31409,6/2/2021,$350.00 ,$0.00 ,110.41,110.41,$100.00 ,$122.67 ,$0.00 ,$0.00 ,$0.00 ,$0.00 ,$560.41 ,$233.08 ,58.40%
31410,6/2/2021,$350.00 ,$98.00 ,1285.16,1285.16,$100.00 ,$86.10 ,$0.00 ,$0.00 ,$0.00 ,$0.00 ,"$1,735.16 ","$1,469.26 ",15.30%
31411,6/2/2021,$700.00 ,$392.00 ,1863.64,1110.44,$100.00 ,$182.69 ,$0.00 ,$0.00 ,$0.00 ,$0.00 ,"$2,663.64 ","$1,685.13 ",36.70%
31412,6/3/2021,$65.91 ,$0.00 ,0,0,$31.20 ,$31.20 ,$0.00 ,$0.00 ,$0.00 ,$0.00 ,$97.11 ,$31.20 ,67.90%
31413,6/3/2021,"$3,099.50 ",$0.00 ,684.3,472.01,$820.00 ,$213.46 ,$0.00 ,$0.00 ,$20.00 ,$20.00 ,"$4,623.80 ",$705.47 ,84.70%
31414,6/3/2021,$400.00 ,$0.00 ,18.45,12.18,$0.00 ,$0.00 ,$410.00 ,$410.00 ,$0.00 ,$0.00 ,$828.45 ,$422.18 ,49.00%
31415,6/3/2021,$0.00 ,$0.00 ,0,0,$0.00 ,$0.00 ,$0.00 ,$0.00 ,$0.00 ,$0.00 ,$0.00 ,$0.00 ,0.00%
31416,6/3/2021,"$2,913.00 ",$467.60 ,5396.6,2459.43,$348.86 ,$66.38 ,$0.00 ,$0.00 ,$3.00 ,$3.00 ,"$8,661.46 ","$2,996.41 ",65.40%
31417,6/4/2021,"$2,877.60 ",$0.00 ,1910.4,493.5,$218.00 ,$163.50 ,$0.00 ,$0.00 ,$5.00 ,$5.00 ,"$5,011.00 ",$662.00 ,86.80%
31418,6/4/2021,$0.00 ,$0.00 ,40,19.09,$0.00 ,$0.00 ,$0.00 ,$0.00 ,$0.00 ,$0.00 ,$40.00 ,$19.09 ,52.30%
31419,6/4/2021,"$1,090.00 ",$0.00 ,880,616,$0.00 ,$17.57 ,$0.00 ,$0.00 ,$5.00 ,$5.00 ,"$1,975.00 ",$638.57 ,67.70%
31420,6/4/2021,$0.00 ,$0.00 ,500,0,$0.00 ,$0.00 ,$0.00 ,$0.00 ,$0.00 ,$0.00 ,$500.00 ,$0.00 ,100.00%
31421,6/4/2021,"$3,069.90 ",$0.00 ,636.69,402.04,$526.80 ,$395.10 ,$0.00 ,$0.00 ,$3.00 ,$3.00 ,"$4,236.39 ",$800.14 ,81.10%
31422,6/4/2021,$654.00 ,$0.00 ,84.86,0,$0.00 ,$0.00 ,$0.00 ,$0.00 ,$0.00 ,$0.00 ,$738.86 ,$0.00 ,100.00%
31423,6/4/2021,$780.00 ,$187.60 ,56.77,46.77,$355.00 ,$5.73 ,$0.00 ,$0.00 ,$0.00 ,$0.00 ,"$1,191.77 ",$240.10 ,79.90%
31424,6/4/2021,"$1,400.00 ",$0.00 ,8,0,$250.00 ,$77.98 ,$0.00 ,$0.00 ,$0.00 ,$0.00 ,"$1,658.00 ",$77.98 ,95.30%
31425,6/4/2021,$350.00 ,$0.00 ,0,0,$50.00 ,$95.14 ,$0.00 ,$0.00 ,$0.00 ,$0.00 ,$400.00 ,$95.14 ,76.20%
31426,6/4/2021,$529.06 ,$0.00 ,0,0,$0.00 ,$0.00 ,$0.00 ,$0.00 ,$0.00 ,$0.00 ,$529.06 ,$0.00 ,100.00%
31427,6/4/2021,"$4,299.50 ",$0.00 ,6900.62,1357.04,$0.00 ,$0.00 ,$0.00 ,$0.00 ,$0.00 ,$0.00 ,"$11,200.12 ","$1,357.04 ",87.90%
31428,6/4/2021,"$2,654.00 ",$0.00 ,1769.28,1105.25,$432.50 ,$26.89 ,$0.00 ,$0.00 ,$6.55 ,$6.55 ,"$4,862.33 ","$1,138.69 ",76.60%
31429,6/4/2021,$0.00 ,$0.00 ,690,483,$0.00 ,$0.00 ,$0.00 ,$0.00 ,$0.00 ,$0.00 ,$690.00 ,$483.00 ,30.00%
31430,6/4/2021,$350.00 ,$0.00 ,0,0,$100.00 ,$89.62 ,$0.00 ,$0.00 ,$0.00 ,$0.00 ,$450.00 ,$89.62 ,80.10%
31431,6/4/2021,$600.00 ,$0.00 ,0,0,$0.00 ,$0.00 ,$100.00 ,$0.00 ,$0.00 ,$0.00 ,$700.00 ,$0.00 ,100.00%
31432,6/4/2021,"$1,475.00 ",$0.00 ,1229.9,700.84,$200.00 ,$93.84 ,$0.00 ,$0.00 ,$0.00 ,$0.00 ,"$2,904.90 ",$794.68 ,72.60%
31433,6/4/2021,"$2,835.50 ",$0.00 ,1621.52,1184.81,$408.84 ,$306.63 ,$0.00 ,$0.00 ,$3.00 ,$3.00 ,"$4,868.86 ","$1,494.44 ",69.30%
31434,6/4/2021,$700.00 ,$0.00 ,100,72.87,$100.00 ,$54.26 ,$0.00 ,$0.00 ,$0.00 ,$0.00 ,$900.00 ,$127.13 ,85.90%
31435,6/4/2021,$950.40 ,$0.00 ,1094.57,877.8,$192.20 ,$151.62 ,$0.00 ,$0.00 ,$20.00 ,$20.00 ,"$2,257.17 ","$1,049.42 ",53.50%
31436,6/7/2021,$130.80 ,$0.00 ,165,0,$0.00 ,$0.00 ,$0.00 ,$0.00 ,$0.00 ,$0.00 ,$295.80 ,$0.00 ,100.00%
31437,6/7/2021,"$1,073.60 ",$0.00 ,65.58,43.28,$196.05 ,$174.66 ,$0.00 ,$0.00 ,$3.01 ,$3.01 ,"$1,338.24 ",$220.95 ,83.50%
31438,6/7/2021,$902.40 ,$0.00 ,936.72,526,$0.00 ,$0.00 ,$0.00 ,$0.00 ,$0.00 ,$0.00 ,"$1,839.12 ",$526.00 ,71.40%
31439,6/7/2021,$0.00 ,$0.00 ,8000,0,$0.00 ,$0.00 ,$0.00 ,$0.00 ,$0.00 ,$0.00 ,"$8,000.00 ",$0.00 ,100.00%
31440,6/7/2021,"$2,035.00 ",$0.00 ,2066.75,1363.74,$329.79 ,$29.16 ,$0.00 ,$0.00 ,$3.00 ,$3.00 ,"$4,434.54 ","$1,395.90 ",68.50%
31441,6/7/2021,$0.00 ,$0.00 ,236.5,215,$0.00 ,$0.00 ,$0.00 ,$0.00 ,$0.00 ,$0.00 ,$236.50 ,$215.00 ,9.10%
31442,6/7/2021,"$1,680.00 ",$0.00 ,111.49,64.95,$490.00 ,$47.90 ,$0.00 ,$0.00 ,$20.00 ,$20.00 ,"$2,301.49 ",$132.85 ,94.20%
31443,6/7/2021,$65.00 ,$0.00 ,0,0,$0.00 ,$0.00 ,$0.00 ,$0.00 ,$0.00 ,$0.00 ,$65.00 ,$0.00 ,100.00%
31444,6/7/2021,$119.90 ,$0.00 ,11,7.7,$30.00 ,$22.50 ,$0.00 ,$0.00 ,$0.00 ,$0.00 ,$160.90 ,$30.20 ,81.20%
31445,6/7/2021,$600.00 ,$0.00 ,152,100.32,$100.00 ,$21.15 ,$0.00 ,$0.00 ,$0.00 ,$0.00 ,$852.00 ,$121.47 ,85.70%
31446,6/7/2021,$350.00 ,$0.00 ,96,105.52,$50.00 ,$59.07 ,$0.00 ,$0.00 ,$0.00 ,$0.00 ,$496.00 ,$164.59 ,66.80%
31447,6/7/2021,"$8,647.50 ",$0.00 ,6697.35,457.32,"$1,645.00 ","$1,233.75 ",$0.00 ,$0.00 ,$20.00 ,$20.00 ,"$17,009.85 ","$1,711.07 ",89.90%
31448,6/7/2021,$950.00 ,$0.00 ,2761.78,2689.32,$200.00 ,$159.25 ,$0.00 ,$0.00 ,$0.00 ,$0.00 ,"$3,911.78 ","$2,848.57 ",27.20%
31449,6/7/2021,$350.00 ,$0.00 ,110.41,110.41,$100.00 ,$114.15 ,$0.00 ,$0.00 ,$0.00 ,$0.00 ,$560.41 ,$224.56 ,59.90%
31452,6/8/2021,"$2,451.00 ",$0.00 ,0,0,$585.00 ,$438.75 ,$0.00 ,$0.00 ,$5.00 ,$5.00 ,"$3,041.00 ",$443.75 ,85.40%
31453,6/8/2021,"$1,055.20 ",$0.00 ,316.86,202.79,$0.00 ,$0.00 ,$0.00 ,$0.00 ,$0.00 ,$0.00 ,"$1,372.06 ",$202.79 ,85.20%
31454,6/8/2021,$65.00 ,$0.00 ,0,0,$0.00 ,$0.00 ,$0.00 ,$0.00 ,$0.00 ,$0.00 ,$65.00 ,$0.00 ,100.00%
31455,6/8/2021,$0.00 ,$0.00 ,464.62,0,$0.00 ,$0.00 ,$0.00 ,$0.00 ,$0.00 ,$0.00 ,$464.62 ,$0.00 ,100.00%
31457,6/8/2021,$0.00 ,$0.00 ,24.1,19.28,$0.00 ,$0.00 ,$0.00 ,$0.00 ,$0.00 ,$0.00 ,$24.10 ,$19.28 ,20.00%
31458,6/8/2021,$73.71 ,$0.00 ,0,0,$0.00 ,$0.00 ,$0.00 ,$0.00 ,$0.00 ,$0.00 ,$73.71 ,$0.00 ,100.00%
31459,6/8/2021,$109.00 ,$0.00 ,0,0,$0.00 ,$0.00 ,$0.00 ,$0.00 ,$0.00 ,$0.00 ,$109.00 ,$0.00 ,100.00%
31460,6/8/2021,"$2,420.30 ",$0.00 ,586,0,$358.00 ,$268.50 ,$0.00 ,$0.00 ,$5.00 ,$5.00 ,"$3,369.30 ",$273.50 ,91.90%
31461,6/8/2021,$436.00 ,$0.00 ,495,0,$0.00 ,$0.00 ,$0.00 ,$0.00 ,$0.00 ,$0.00 ,$931.00 ,$0.00 ,100.00%
31462,6/8/2021,$0.00 ,$0.00 ,0,0,$0.00 ,$0.00 ,$0.00 ,$0.00 ,$0.00 ,$0.00 ,$0.00 ,$0.00 ,0.00%
31463,6/8/2021,$600.00 ,$0.00 ,8,12.8,$100.00 ,$75.00 ,$0.00 ,$0.00 ,$0.00 ,$0.00 ,$708.00 ,$87.80 ,87.60%
31464,6/8/2021,$0.00 ,$0.00 ,0,0,$0.00 ,$0.00 ,$0.00 ,$0.00 ,$0.00 ,$0.00 ,$0.00 ,$0.00 ,0.00%
31465,6/8/2021,"$2,199.70 ",$0.00 ,72.31,0,$470.00 ,$352.50 ,$0.00 ,$0.00 ,$20.00 ,$20.00 ,"$2,762.01 ",$372.50 ,86.50%
31466,6/8/2021,$700.00 ,$0.00 ,2940.87,1710.95,$100.00 ,$84.55 ,$0.00 ,$0.00 ,$0.00 ,$0.00 ,"$3,740.87 ","$1,795.50 ",52.00%
31467,6/8/2021,$350.00 ,$0.00 ,0,0,$50.00 ,$37.50 ,$0.00 ,$0.00 ,$0.00 ,$0.00 ,$400.00 ,$37.50 ,90.60%
31468,6/8/2021,$774.00 ,$0.00 ,109.91,0,$134.00 ,$100.50 ,$0.00 ,$0.00 ,$5.00 ,$5.00 ,"$1,022.91 ",$105.50 ,89.70%
31469,6/9/2021,"$1,077.00 ",$0.00 ,239.87,138.7,$154.20 ,$115.65 ,$0.00 ,$0.00 ,$1.91 ,$1.91 ,"$1,472.98 ",$256.26 ,82.60%
31470,6/9/2021,$600.00 ,$0.00 ,50,24.77,$100.00 ,$21.18 ,$0.00 ,$0.00 ,$0.00 ,$0.00 ,$750.00 ,$45.95 ,93.90%
31471,6/9/2021,$500.00 ,$0.00 ,0,0,$0.00 ,$0.00 ,$0.00 ,$0.00 ,$0.00 ,$0.00 ,$500.00 ,$0.00 ,100.00%
31472,6/9/2021,$640.50 ,$0.00 ,998.17,206.5,$25.00 ,$18.75 ,$0.00 ,$0.00 ,$0.00 ,$0.00 ,"$1,663.67 ",$225.25 ,86.50%
31474,6/9/2021,"$4,880.50 ",$0.00 ,4241,131.98,$704.10 ,$528.08 ,$0.00 ,$0.00 ,$3.00 ,$3.00 ,"$9,828.60 ",$663.06 ,93.30%
31476,6/9/2021,"$1,900.00 ",$0.00 ,989.97,789.4,$300.00 ,$225.00 ,$0.00 ,$0.00 ,$0.00 ,$0.00 ,"$3,189.97 ","$1,014.40 ",68.20%
31477,6/9/2021,"$1,300.00 ",$0.00 ,8,5.68,$200.00 ,$17.58 ,$0.00 ,$0.00 ,$0.00 ,$0.00 ,"$1,508.00 ",$23.26 ,98.50%
31478,6/9/2021,"$3,283.05 ",$0.00 ,1675.58,1077.98,$523.30 ,$392.48 ,$0.00 ,$0.00 ,$3.00 ,$3.00 ,"$5,484.92 ","$1,473.46 ",73.10%
31479,6/9/2021,"$2,583.40 ",$0.00 ,845,25,$412.00 ,$309.00 ,$0.00 ,$0.00 ,$3.00 ,$3.00 ,"$3,843.40 ",$337.00 ,91.20%
31480,6/10/2021,"$1,503.39 ",$0.00 ,10,0,$189.41 ,$142.06 ,$0.00 ,$0.00 ,$3.00 ,$3.00 ,"$1,705.80 ",$145.06 ,91.50%
31481,6/10/2021,"$1,188.26 ",$0.00 ,3077.72,1991.75,$168.00 ,$126.00 ,$0.00 ,$0.00 ,$0.00 ,$0.00 ,"$4,433.98 ","$2,117.75 ",52.20%
31482,6/10/2021,$350.00 ,$0.00 ,110,72.87,$100.00 ,$75.00 ,$0.00 ,$0.00 ,$0.00 ,$0.00 ,$560.00 ,$147.87 ,73.60%
31483,6/10/2021,"$1,300.00 ",$0.00 ,120,72.87,$200.00 ,$150.00 ,$0.00 ,$0.00 ,$0.00 ,$0.00 ,"$1,620.00 ",$222.87 ,86.20%
31484,6/10/2021,"$4,464.00 ",$0.00 ,2661.2,235.7,$633.68 ,$475.26 ,$0.00 ,$0.00 ,$3.00 ,$3.00 ,"$7,761.88 ",$713.96 ,90.80%
31485,6/10/2021,$624.00 ,$0.00 ,1281.9,680.72,$0.00 ,$0.00 ,$0.00 ,$0.00 ,$0.00 ,$0.00 ,"$1,905.90 ",$680.72 ,64.30%
31486,6/10/2021,$0.00 ,$0.00 ,0,0,$0.00 ,$0.00 ,$0.00 ,$0.00 ,$0.00 ,$0.00 ,$0.00 ,$0.00 ,0.00%
31487,6/10/2021,$350.00 ,$0.00 ,0,0,$50.00 ,$37.50 ,$0.00 ,$0.00 ,$0.00 ,$0.00 ,$400.00 ,$37.50 ,90.60%
31488,6/10/2021,"$2,500.00 ",$0.00 ,0,0,$400.00 ,$300.00 ,$0.00 ,$0.00 ,$0.00 ,$0.00 ,"$2,900.00 ",$300.00 ,89.70%
31489,6/10/2021,$350.00 ,$0.00 ,0,0,$50.00 ,$37.50 ,$0.00 ,$0.00 ,$0.00 ,$0.00 ,$400.00 ,$37.50 ,90.60%
31490,6/11/2021,$893.80 ,$0.00 ,824,0,$210.00 ,$157.50 ,$0.00 ,$0.00 ,$0.00 ,$0.00 ,"$1,927.80 ",$157.50 ,91.80%
31491,6/11/2021,$0.00 ,$0.00 ,0,0,$0.00 ,$0.00 ,$0.00 ,$0.00 ,$0.00 ,$0.00 ,$0.00 ,$0.00 ,0.00%
31492,6/11/2021,$523.20 ,$0.00 ,0,0,$73.00 ,$54.75 ,$0.00 ,$0.00 ,$5.00 ,$5.00 ,$601.20 ,$59.75 ,90.10%
31493,6/11/2021,"$1,045.00 ",$0.00 ,277.13,0,$180.50 ,$135.38 ,$120.00 ,$0.00 ,$3.50 ,$3.50 ,"$1,626.13 ",$138.88 ,91.50%
31494,6/11/2021,$0.00 ,$0.00 ,500,0,$0.00 ,$0.00 ,$0.00 ,$0.00 ,$0.00 ,$0.00 ,$500.00 ,$0.00 ,100.00%
31495,6/11/2021,$915.60 ,$0.00 ,780,0,$195.00 ,$146.25 ,$0.00 ,$0.00 ,$0.00 ,$0.00 ,"$1,890.60 ",$146.25 ,92.30%
31496,6/11/2021,$500.00 ,$0.00 ,0,0,$0.00 ,$0.00 ,$0.00 ,$0.00 ,$0.00 ,$0.00 ,$500.00 ,$0.00 ,100.00%
31497,6/11/2021,"$5,291.90 ",$0.00 ,2501,115,$638.00 ,$478.50 ,$0.00 ,$0.00 ,$5.00 ,$5.00 ,"$8,435.90 ",$598.50 ,92.90%
31498,6/11/2021,"$1,300.00 ",$0.00 ,1196.21,0,$200.00 ,$150.00 ,$0.00 ,$0.00 ,$0.00 ,$0.00 ,"$2,696.21 ",$150.00 ,94.40%
31499,6/11/2021,$350.00 ,$0.00 ,106.77,0,$50.00 ,$37.50 ,$0.00 ,$0.00 ,$0.00 ,$0.00 ,$506.77 ,$37.50 ,92.60%
31500,6/11/2021,$350.00 ,$0.00 ,0,0,$50.00 ,$37.50 ,$0.00 ,$0.00 ,$0.00 ,$0.00 ,$400.00 ,$37.50 ,90.60%
31501,6/11/2021,$950.00 ,$0.00 ,50,0,$150.00 ,$112.50 ,$0.00 ,$0.00 ,$0.00 ,$0.00 ,"$1,150.00 ",$112.50 ,90.20%
31502,6/11/2021,$0.00 ,$0.00 ,0,0,$0.00 ,$0.00 ,$0.00 ,$0.00 ,$0.00 ,$0.00 ,$0.00 ,$0.00 ,0.00%
31503,6/11/2021,$810.00 ,$0.00 ,32,0,$200.00 ,$150.00 ,$0.00 ,$0.00 ,$0.00 ,$0.00 ,"$1,042.00 ",$150.00 ,85.60%
31504,6/14/2021,"$1,399.00 ",$0.00 ,0,0,$0.00 ,$0.00 ,$0.00 ,$0.00 ,$0.00 ,$0.00 ,"$1,399.00 ",$0.00 ,100.00%
31505,6/14/2021,"$2,045.00 ",$0.00 ,1809.25,0,$243.00 ,$182.25 ,$0.00 ,$0.00 ,$5.00 ,$5.00 ,"$4,102.25 ",$187.25 ,95.40%
31506,6/14/2021,"$1,159.00 ",$0.00 ,162.2,0,$180.59 ,$135.44 ,$0.00 ,$0.00 ,$6.00 ,$6.00 ,"$1,455.01 ",$141.44 ,90.30%
31507,6/14/2021,"$1,689.60 ",$0.00 ,15,0,$330.69 ,$248.02 ,$0.00 ,$0.00 ,$3.00 ,$3.00 ,"$2,038.29 ",$251.02 ,87.70%
31508,6/14/2021,$65.00 ,$0.00 ,0,0,$0.00 ,$0.00 ,$0.00 ,$0.00 ,$0.00 ,$0.00 ,$65.00 ,$0.00 ,100.00%
